,token,tag,tag_STTS,lemma_gold,baseline
0,Der,_,ART,der,Der
1,SC,_,NE,SC,SC
2,Lituania,_,NE,Lituania,Lituania
3,Tilsit,_,NE,Tilsit,Tilsit
4,war,_,VAFIN,sein,war
5,ein,_,ART,ein,ein
6,deutscher,_,ADJA,deutsch,deutscher
7,Sportverein,_,NN,Sportverein,Sportverein
8,der,_,ART,der,der
9,ostpreußischen,_,ADJA,ostpreußisch,ostpreußischen
10,Stadt,_,NN,Stadt,Stadt
11,Tilsit,_,NE,Tilsit,Tilsit
12,",",_,"$,",",",","
13,heute,_,ADV,heute,heute
14,Sowetsk,_,NE,Sowetsk,Sowetsk
15,.,_,$.,.,.
16,Der,_,ART,der,Der
17,1907,_,CARD,1907,1907
18,gegründete,_,ADJA,gegründet,gegründete
19,Verein,_,NN,Verein,Verein
20,wurde,_,VAFIN,werden,wurde
21,1911,_,CARD,1911,1911
22,Verbandsmeister,_,NN,Verbandsmeister,Verbandsmeister
23,des,_,ART,der,des
24,Baltischen,_,ADJA,baltisch,Baltischen
25,Rasensport-Verbandes,_,NN,Rasensport-Verband,Rasensport-Verbandes
26,(,_,$(,(,(
27,BRV,_,NE,BRV,BRV
28,),_,$(,),)
29,und,_,KON,und,und
30,durfte,_,VMFIN,dürfen,durfte
31,somit,_,ADV,somit,somit
32,an,_,APPR,an,an
33,der,_,ART,der,der
34,Endrunde,_,NN,Endrunde,Endrunde
35,um,_,APPR,um,um
36,die,_,ART,der,die
37,deutsche,_,ADJA,deutsch,deutsche
38,Fußballmeisterschaft,_,NN,Fußballmeisterschaft,Fußballmeisterschaft
39,teilnehmen,_,VVINF,teilnehmen,teilnehmen
40,.,_,$.,.,.
41,Wegen,_,APPR,wegen,Wegen
42,zu,_,PTKA,zu,zu
43,hoher,_,ADJA,hoch,hoher
44,Reisekosten,_,NN,Reisekosten,Reisekosten
45,verzichtete,_,VVFIN,verzichten,verzichtete
46,Lituania,_,NE,Lituania,Lituania
47,Tilsit,_,NE,Tilsit,Tilsit
48,jedoch,_,ADV,jedoch,jedoch
49,auf,_,APPR,auf,auf
50,das,_,ART,der,das
51,Startrecht,_,NN,Startrecht,Startrecht
52,",",_,"$,",",",","
53,so,_,ADV,so,so
54,dass,_,KOUS,dass,dass
55,die,_,ART,der,die
56,gegnerische,_,ADJA,gegnerisch,gegnerische
57,Mannschaft,_,NN,Mannschaft,Mannschaft
58,vom,_,APPRART,von,vom
59,Berliner,_,ADJA,Berliner,Berliner
60,TuFC,_,NE,TuFC,TuFC
61,Viktoria,_,NE,Viktoria,Viktoria
62,89,_,CARD,89,89
63,kampflos,_,ADJD,kampflos,kampflos
64,ins,_,APPRART,in,ins
65,Halbfinale,_,NN,Halbfinale,Halbfinale
66,einrückte,_,VVFIN,einrücken,einrückte
67,.,_,$.,.,.
68,1912,_,CARD,1912,1912
69,und,_,KON,und,und
70,1913,_,CARD,1913,1913
71,erreichte,_,VVFIN,erreichen,erreichte
72,der,_,ART,der,der
73,Verein,_,NN,Verein,Verein
74,noch,_,ADV,noch,noch
75,die,_,ART,der,die
76,Baltische,_,ADJA,Baltisch,Baltische
77,Endrunde,_,NN,Endrunde,Endrunde
78,",",_,"$,",",",","
79,unterlag,_,VVFIN,unterliegen,unterlag
80,aber,_,ADV,aber,aber
81,in,_,APPR,in,in
82,beiden,_,PIAT,beide,beiden
83,Jahren,_,NN,Jahr,Jahren
84,dem,_,ART,der,dem
85,jeweiligen,_,ADJA,jeweilig,jeweiligen
86,Finalgegner,_,NN,Finalgegner,Finalgegner
87,.,_,$.,.,.
88,Nachdem,_,KOUS,nachdem,Nachdem
89,Lituania,_,NE,Lituania,Lituania
90,in,_,APPR,in,in
91,den,_,ART,der,den
92,20er,_,ADJA,20er,20er
93,Jahren,_,NN,Jahr,Jahren
94,ohne,_,APPR,ohne,ohne
95,größeren,_,ADJA,groß,größeren
96,Erfolg,_,NN,Erfolg,Erfolg
97,im,_,APPRART,in,im
98,Bezirk,_,NN,Bezirk,Bezirk
99,Ostpreußen,_,NE,Ostpreußen,Ostpreußen
100,gespielt,_,VVPP,spielen,gespielt
101,hatte,_,VAFIN,haben,hatte
102,",",_,"$,",",",","
103,erfolgte,_,VVFIN,erfolgen,erfolgte
104,1929,_,CARD,1929,1929
105,die,_,ART,der,die
106,Fusion,_,NN,Fusion,Fusion
107,mit,_,APPR,mit,mit
108,dem,_,ART,der,dem
109,Verein,_,NN,Verein,Verein
110,für,_,APPR,für,für
111,Körperübungen,_,NN,Körperübung,Körperübungen
112,Tilsit,_,NE,Tilsit,Tilsit
113,zum,_,APPRART,zu,zum
114,Tilsiter,_,ADJA,Tilsit,Tilsiter
115,SC,_,NE,SC,SC
116,.,_,$.,.,.
117,Córrego,_,NE,Córrego,Córrego
118,do,_,NE,do,do
119,Ouro,_,NE,Ouro,Ouro
120,ist,_,VAFIN,sein,ist
121,eine,_,ART,ein,eine
122,brasilianische,_,ADJA,brasilianisch,brasilianische
123,politische,_,ADJA,politisch,politische
124,Gemeinde,_,NN,Gemeinde,Gemeinde
125,im,_,APPRART,in,im
126,Bundesstaat,_,NN,Bundesstaat,Bundesstaat
127,Goiás,_,NE,Goiás,Goiás
128,in,_,APPR,in,in
129,der,_,ART,der,der
130,Mesoregion,_,NN,Mesoregion,Mesoregion
131,Zentral-Goiás,_,NE,Zentral-Goiás,Zentral-Goiás
132,und,_,KON,und,und
133,in,_,APPR,in,in
134,der,_,ART,der,der
135,Mikroregion,_,NN,Mikroregion,Mikroregion
136,Iporá,_,NE,Iporá,Iporá
137,.,_,$.,.,.
138,Sie,_,PPER,sie,Sie
139,liegt,_,VVFIN,liegen,liegt
140,westsüdwestlich,_,ADJD,westsüdwestlich,westsüdwestlich
141,der,_,ART,der,der
142,brasilianischen,_,ADJA,brasilianisch,brasilianischen
143,Hauptstadt,_,NN,Hauptstadt,Hauptstadt
144,Brasília,_,NE,Brasília,Brasília
145,und,_,KON,und,und
146,der,_,ART,der,der
147,Hauptstadt,_,NN,Hauptstadt,Hauptstadt
148,Goiânia,_,NE,Goiânia,Goiânia
149,.,_,$.,.,.
150,Das,_,ART,der,Das
151,6.,_,ADJA,6.,6.
152,Kanadische,_,ADJA,kanadisch,Kanadische
153,Kabinett,_,NN,Kabinett,Kabinett
154,(,_,$(,(,(
155,engl.,_,ADJD,engl.,engl.
156,6th,_,FM,6th,6th
157,Canadian,_,FM,Canadian,Canadian
158,Ministry,_,FM,Ministry,Ministry
159,",",_,"$,",",",","
160,franz.,_,ADJD,franz.,franz.
161,6e,_,FM,6e,6e
162,conseil,_,FM,conseil,conseil
163,des,_,FM,des,des
164,ministres,_,FM,ministres,ministres
165,du,_,FM,du,du
166,Canada,_,FM,Canada,Canada
167,),_,$(,),)
168,regierte,_,VVFIN,regieren,regierte
169,Kanada,_,NE,Kanada,Kanada
170,vom,_,APPRART,von,vom
171,21.,_,ADJA,21.,21.
172,Dezember,_,NN,Dezember,Dezember
173,1894,_,CARD,1894,1894
174,bis,_,APPR,bis,bis
175,zum,_,APPRART,zu,zum
176,27.,_,ADJA,27.,27.
177,April,_,NN,April,April
178,1896,_,CARD,1896,1896
179,.,_,$.,.,.
180,Dieses,_,PDAT,dieser,Dieses
181,von,_,APPR,von,von
182,Premierminister,_,NN,Premierminister,Premierminister
183,Mackenzie,_,NE,Mackenzie,Mackenzie
184,Bowell,_,NE,Bowell,Bowell
185,angeführte,_,ADJA,angeführt,angeführte
186,Kabinett,_,NN,Kabinett,Kabinett
187,bestand,_,VVFIN,bestehen,bestand
188,aus,_,APPR,aus,aus
189,Mitgliedern,_,NN,Mitglied,Mitgliedern
190,der,_,ART,der,der
191,Konservativen,_,ADJA,konservativ,Konservativen
192,Partei,_,NN,Partei,Partei
193,.,_,$.,.,.
194,Auch,_,ADV,auch,Auch
195,der,_,ART,der,der
196,Name,_,NN,Name,Name
197,der,_,ART,der,der
198,Ausstellung,_,NN,Ausstellung,Ausstellung
199,wurde,_,VAFIN,werden,wurde
200,in,_,APPR,in,in
201,diesem,_,PDAT,dieser,diesem
202,Zusammenhang,_,NN,Zusammenhang,Zusammenhang
203,in,_,APPR,in,in
204,Nitten,_,NE,Nitten,Nitten
205,(,_,$(,(,(
206,Abk.,_,NN,Abk.,Abk.
207,für,_,APPR,für,für
208,",",_,"$,",",",","
209,Nihon,_,FM,Nihon,Nihon
210,bijutsu,_,FM,bijutsu,bijutsu
211,tenrankai,_,FM,tenrankai,tenrankai
212,),_,$(,),)
213,geändert,_,VVPP,ändern,geändert
214,.,_,$.,.,.
215,Im,_,APPRART,in,Im
216,Zuge,_,NN,Zug,Zuge
217,einer,_,ART,ein,einer
218,Neuordnung,_,NN,Neuordnung,Neuordnung
219,1958,_,CARD,1958,1958
220,wurde,_,VAFIN,werden,wurde
221,die,_,ART,der,die
222,Akademie,_,NN,Akademie,Akademie
223,in,_,APPR,in,in
224,eine,_,ART,ein,eine
225,rein,_,ADJD,rein,rein
226,wissenschaftliche,_,ADJA,wissenschaftlich,wissenschaftliche
227,und,_,KON,und,und
228,beratende,_,ADJA,beratend,beratende
229,Non-Profit-Organisation,_,NN,Non-Profit-Organisation,Non-Profit-Organisation
230,überführt,_,VVPP,überführen,überführt
231,und,_,KON,und,und
232,die,_,ART,der,die
233,Organisation,_,NN,Organisation,Organisation
234,der,_,ART,der,der
235,Kunstausstellung,_,NN,Kunstausstellung,Kunstausstellung
236,wurde,_,VAFIN,werden,wurde
237,in,_,APPR,in,in
238,eine,_,ART,ein,eine
239,eigene,_,ADJA,eigen,eigene
240,Personengesellschaft,_,NN,Personengesellschaft,Personengesellschaft
241,",",_,"$,",",",","
242,die,_,ART,der,die
243,Nitten,_,NE,Nitten,Nitten
244,Kapitalgesellschaft,_,NN,Kapitalgesellschaft,Kapitalgesellschaft
245,",",_,"$,",",",","
246,ausgegliedert,_,VVPP,ausgliedern,ausgegliedert
247,.,_,$.,.,.
248,Die,_,ART,der,Die
249,Akademie,_,NN,Akademie,Akademie
250,der,_,ART,der,der
251,Künste,_,NN,Kunst,Künste
252,gehört,_,VVFIN,gehören,gehört
253,formell,_,ADJD,formell,formell
254,zum,_,APPRART,zu,zum
255,MEXT,_,NE,MEXT,MEXT
256,.,_,$.,.,.
257,Sie,_,PPER,sie,Sie
258,besitzt,_,VVFIN,besitzen,besitzt
259,maximal,_,ADJD,maximal,maximal
260,120,_,CARD,120,120
261,Mitglieder,_,NN,Mitglied,Mitglieder
262,",",_,"$,",",",","
263,die,_,PRELS,der,die
264,auf,_,APPR,auf,auf
265,Lebenszeit,_,NN,Lebenszeit,Lebenszeit
266,ernannt,_,VVPP,ernennen,ernannt
267,werden,_,VAFIN,werden,werden
268,.,_,$.,.,.
269,Die,_,ART,der,Die
270,Akademie,_,NN,Akademie,Akademie
271,besitzt,_,VVFIN,besitzen,besitzt
272,drei,_,CARD,drei,drei
273,Hauptabteilungen,_,NN,Hauptabteilung,Hauptabteilungen
274,mit,_,APPR,mit,mit
275,insgesamt,_,ADV,insgesamt,insgesamt
276,16,_,CARD,16,16
277,Unterabteilungen,_,NN,Unterabteilung,Unterabteilungen
278,",",_,"$,",",",","
279,die,_,PRELS,der,die
280,einzelnen,_,ADJA,einzeln,einzelnen
281,Fachgebieten,_,NN,Fachgebiet,Fachgebieten
282,zugeordnet,_,VVPP,zuordnen,zugeordnet
283,sind,_,VAFIN,sein,sind
284,.,_,$.,.,.
285,Die,_,ART,der,Die
286,Mitgliedschaft,_,NN,Mitgliedschaft,Mitgliedschaft
287,erfolgt,_,VVFIN,erfolgen,erfolgt
288,für,_,APPR,für,für
289,eine,_,PIS,einer,eine
290,der,_,ART,der,der
291,Unterabteilungen,_,NN,Unterabteilung,Unterabteilungen
292,:,_,$.,:,:
293,Brügge,_,NE,Brügge,Brügge
294,wurde,_,VAFIN,werden,wurde
295,als,_,KOKOM,als,als
296,Ernst,_,NE,Ernst,Ernst
297,Hess,_,NE,Hess,Hess
298,geboren,_,VVPP,gebären,geboren
299,.,_,$.,.,.
300,Er,_,PPER,er,Er
301,war,_,VAFIN,sein,war
302,von,_,APPR,von,von
303,1961,_,CARD,1961,1961
304,bis,_,APPR,bis,bis
305,1994,_,CARD,1994,1994
306,Spiegel-Reporter,_,NN,Spiegel-Reporter,Spiegel-Reporter
307,und,_,KON,und,und
308,schrieb,_,VVFIN,schreiben,schrieb
309,unter,_,APPR,unter,unter
310,dem,_,ART,der,dem
311,Pseudonym,_,NN,Pseudonym,Pseudonym
312,Peter,_,NE,Peter,Peter
313,Brügge,_,NE,Brügge,Brügge
314,.,_,$.,.,.
315,Damit,_,PAV,damit,Damit
316,war,_,VAFIN,sein,war
317,er,_,PPER,er,er
318,neben,_,APPR,neben,neben
319,Rudolf,_,NE,Rudolf,Rudolf
320,Augstein,_,NE,Augstein,Augstein
321,(,_,$(,(,(
322,Pseudonym,_,NN,Pseudonym,Pseudonym
323,Jens,_,NE,Jens,Jens
324,Daniel,_,NE,Daniel,Daniel
325,),_,$(,),)
326,einer,_,PIS,einer,einer
327,der,_,ART,der,der
328,wenigen,_,ADJA,wenig,wenigen
329,Spiegel-Autoren,_,NN,Spiegel-Autor,Spiegel-Autoren
330,",",_,"$,",",",","
331,die,_,PRELS,der,die
332,nicht,_,PTKNEG,nicht,nicht
333,unter,_,APPR,unter,unter
334,ihrem,_,PPOSAT,ihr,ihrem
335,Namen,_,NN,Name,Namen
336,schrieben,_,VVFIN,schreiben,schrieben
337,.,_,$.,.,.
338,1966,_,CARD,1966,1966
339,wurde,_,VAFIN,werden,wurde
340,er,_,PPER,er,er
341,mit,_,APPR,mit,mit
342,dem,_,ART,der,dem
343,Theodor-Wolff-Preis,_,NN,Theodor-Wolff-Preis,Theodor-Wolff-Preis
344,ausgezeichnet,_,VVPP,auszeichnen,ausgezeichnet
345,.,_,$.,.,.
346,Für,_,APPR,für,Für
347,seine,_,PPOSAT,sein,seine
348,Arbeit,_,NN,Arbeit,Arbeit
349,Herr,_,NN,Herr,Herr
350,Meier,_,NE,Meier,Meier
351,",",_,"$,",",",","
352,wo,_,PWAV,wo,wo
353,Blumen,_,NN,Blume,Blumen
354,",",_,"$,",",",","
355,wo,_,PWAV,wo,wo
356,Sommer,_,NN,Sommer,Sommer
357,?,_,$.,?,?
358,im,_,APPRART,in,im
359,Spiegel,_,NE,Spiegel,Spiegel
360,wurde,_,VAFIN,werden,wurde
361,er,_,PPER,er,er
362,1980,_,CARD,1980,1980
363,mit,_,APPR,mit,mit
364,dem,_,ART,der,dem
365,Egon-Erwin-Kisch-Preis,_,NN,Egon-Erwin-Kisch-Preis,Egon-Erwin-Kisch-Preis
366,ausgezeichnet,_,VVPP,auszeichnen,ausgezeichnet
367,.,_,$.,.,.
368,Die,_,ART,der,Die
369,Reportage,_,NN,Reportage,Reportage
370,über,_,APPR,über,über
371,vietnamesische,_,ADJA,vietnamesisch,vietnamesische
372,Flüchtlinge,_,NN,Flüchtling,Flüchtlinge
373,",",_,"$,",",",","
374,die,_,PRELS,der,die
375,in,_,APPR,in,in
376,einem,_,ART,ein,einem
377,oberbayerischen,_,ADJA,oberbayerisch,oberbayerischen
378,Dorf,_,NN,Dorf,Dorf
379,Zuflucht,_,NN,Zuflucht,Zuflucht
380,finden,_,VVFIN,finden,finden
381,",",_,"$,",",",","
382,beschäftigt,_,VVFIN,beschäftigen,beschäftigt
383,sich,_,PRF,sich,sich
384,mit,_,APPR,mit,mit
385,der,_,ART,der,der
386,allmählichen,_,ADJA,allmählich,allmählichen
387,Stimmungsveränderung,_,NN,Stimmungsveränderung,Stimmungsveränderung
388,unter,_,APPR,unter,unter
389,den,_,ART,der,den
390,„,_,$(,„,„
391,Einheimischen,_,NN,Einheimische,Einheimischen
392,“,_,$(,“,“
393,zu,_,APPR,zu,zu
394,Ungunsten,_,NN,Ungunst,Ungunsten
395,der,_,ART,der,der
396,Flüchtlinge,_,NN,Flüchtling,Flüchtlinge
397,.,_,$.,.,.
398,Schlachtfest,_,NN,Schlachtfest,Schlachtfest
399,für,_,APPR,für,für
400,Führungskräfte,_,NN,Führungskraft,Führungskräfte
401,-,_,$(,-,-
402,die,_,ART,der,die
403,sechziger,_,ADJA,sechziger,sechziger
404,Jahre,_,NN,Jahr,Jahre
405,der,_,ART,der,der
406,Republik,_,NN,Republik,Republik
407,.,_,$.,.,.
408,Bertelsmann,_,NE,Bertelsmann,Bertelsmann
409,",",_,"$,",",",","
410,München,_,NE,München,München
411,1989,_,CARD,1989,1989
412,",",_,"$,",",",","
413,ISBN,_,NN,ISBN,ISBN
414,3-570-02690-6,_,CARD,3-570-02690-6,3-570-02690-6
415,.,_,$.,.,.
416,Die,_,ART,der,Die
417,Anthroposophen,_,NN,Anthroposoph,Anthroposophen
418,-,_,$(,-,-
419,Waldorfschule,_,NN,Waldorfschule,Waldorfschule
420,",",_,"$,",",",","
421,biodynamischer,_,ADJA,biodynamisch,biodynamischer
422,Landbau,_,NN,Landbau,Landbau
423,",",_,"$,",",",","
424,Ganzheitsmedizin,_,NN,Ganzheitsmedizin,Ganzheitsmedizin
425,",",_,"$,",",",","
426,kosmische,_,ADJA,kosmisch,kosmische
427,Heilslehre,_,NN,Heilslehre,Heilslehre
428,.,_,$.,.,.
429,Das,_,ART,der,Das
430,Glasmuseum,_,NN,Glasmuseum,Glasmuseum
431,Mariahilf,_,NE,Mariahilf,Mariahilf
432,ist,_,VAFIN,sein,ist
433,ein,_,ART,ein,ein
434,Museum,_,NN,Museum,Museum
435,im,_,APPRART,in,im
436,6.,_,ADJA,6.,6.
437,Wiener,_,ADJA,Wiener,Wiener
438,Gemeindebezirk,_,NN,Gemeindebezirk,Gemeindebezirk
439,Mariahilf,_,NE,Mariahilf,Mariahilf
440,.,_,$.,.,.
441,Das,_,ART,der,Das
442,im,_,APPRART,in,im
443,Oktober,_,NN,Oktober,Oktober
444,2008,_,CARD,2008,2008
445,eröffnete,_,ADJA,eröffnet,eröffnete
446,Museum,_,NN,Museum,Museum
447,befindet,_,VVFIN,befinden,befindet
448,sich,_,PRF,sich,sich
449,im,_,APPRART,in,im
450,Bezirksmuseum,_,NN,Bezirksmuseum,Bezirksmuseum
451,Mariahilf,_,NE,Mariahilf,Mariahilf
452,.,_,$.,.,.
453,Als,_,KOKOM,als,Als
454,erstes,_,ADJA,erster,erstes
455,Museum,_,NN,Museum,Museum
456,für,_,APPR,für,für
457,Glasmalerei,_,NN,Glasmalerei,Glasmalerei
458,in,_,APPR,in,in
459,Österreich,_,NE,Österreich,Österreich
460,beinhaltet,_,VVFIN,beinhalten,beinhaltet
461,es,_,PPER,es,es
462,eine,_,ART,ein,eine
463,Sammlung,_,NN,Sammlung,Sammlung
464,und,_,KON,und,und
465,ein,_,ART,ein,ein
466,Archiv,_,NN,Archiv,Archiv
467,für,_,APPR,für,für
468,Glasmalerei,_,NN,Glasmalerei,Glasmalerei
469,und,_,KON,und,und
470,Glasergewerbe,_,NN,Glasergewerbe,Glasergewerbe
471,in,_,APPR,in,in
472,Wien,_,NE,Wien,Wien
473,mit,_,APPR,mit,mit
474,Augenmerk,_,NN,Augenmerk,Augenmerk
475,auf,_,APPR,auf,auf
476,Glasmalerei,_,NN,Glasmalerei,Glasmalerei
477,",",_,"$,",",",","
478,Kunstverglasungen,_,NN,Kunstverglasung,Kunstverglasungen
479,und,_,KON,und,und
480,veredeltem,_,ADJA,veredelt,veredeltem
481,Flachglas,_,NN,Flachglas,Flachglas
482,.,_,$.,.,.
483,Einen,_,ART,ein,Einen
484,Schwerpunkt,_,NN,Schwerpunkt,Schwerpunkt
485,bilden,_,VVFIN,bilden,bilden
486,die,_,ART,der,die
487,ehemaligen,_,ADJA,ehemalig,ehemaligen
488,Werkstätten,_,NN,Werkstatt,Werkstätten
489,im,_,APPRART,in,im
490,6.,_,ADJA,6.,6.
491,Bezirk,_,NN,Bezirk,Bezirk
492,",",_,"$,",",",","
493,wie,_,KOKOM,wie,wie
494,die,_,ART,der,die
495,Glasmalerei,_,NN,Glasmalerei,Glasmalerei
496,Carl,_,NE,Carl,Carl
497,Geyling’s,_,NE,Geyling,Geyling’s
498,Erben,_,NN,Erbe,Erben
499,und,_,KON,und,und
500,die,_,ART,der,die
501,Filiale,_,NN,Filiale,Filiale
502,der,_,ART,der,der
503,Tiroler,_,ADJA,Tiroler,Tiroler
504,Glasmalerei,_,NN,Glasmalerei,Glasmalerei
505,",",_,"$,",",",","
506,aber,_,KON,aber,aber
507,auch,_,ADV,auch,auch
508,die,_,ART,der,die
509,Mollardschule,_,NN,Mollardschule,Mollardschule
510,und,_,KON,und,und
511,viele,_,PIAT,vieler,viele
512,kleinere,_,ADJA,klein,kleinere
513,Betriebe,_,NN,Betrieb,Betriebe
514,",",_,"$,",",",","
515,die,_,PRELS,der,die
516,in,_,APPR,in,in
517,Vergessenheit,_,NN,Vergessenheit,Vergessenheit
518,gerieten,_,VVFIN,geraten,gerieten
519,.,_,$.,.,.
520,Von,_,APPR,von,Von
521,den,_,ART,der,den
522,genannten,_,ADJA,genannt,genannten
523,Institutionen,_,NN,Institution,Institutionen
524,stammen,_,VVFIN,stammen,stammen
525,die,_,ART,der,die
526,meisten,_,PIDAT,meister,meisten
527,Leihgaben,_,NN,Leihgabe,Leihgaben
528,.,_,$.,.,.
529,Gezeigt,_,VVPP,zeigen,Gezeigt
530,werden,_,VAFIN,werden,werden
531,unter,_,APPR,unter,unter
532,anderem,_,PIS,anderer,anderem
533,Originale,_,NN,Original,Originale
534,",",_,"$,",",",","
535,Fotografien,_,NN,Fotografie,Fotografien
536,",",_,"$,",",",","
537,Urkunden,_,NN,Urkunde,Urkunden
538,",",_,"$,",",",","
539,Skizzen,_,NN,Skizze,Skizzen
540,",",_,"$,",",",","
541,Kartons,_,NN,Karton,Kartons
542,oder,_,KON,oder,oder
543,Werkzeug,_,NN,Werkzeug,Werkzeug
544,",",_,"$,",",",","
545,welche,_,PRELS,welcher,welche
546,die,_,ART,der,die
547,Produktion,_,NN,Produktion,Produktion
548,und,_,KON,und,und
549,Verwendung,_,NN,Verwendung,Verwendung
550,sowie,_,KON,sowie,sowie
551,die,_,ART,der,die
552,kunsthistorische,_,ADJA,kunsthistorisch,kunsthistorische
553,Bedeutung,_,NN,Bedeutung,Bedeutung
554,von,_,APPR,von,von
555,Glasmalerei,_,NN,Glasmalerei,Glasmalerei
556,verdeutlichen,_,VVFIN,verdeutlichen,verdeutlichen
557,.,_,$.,.,.
558,Geplant,_,VVPP,planen,Geplant
559,sind,_,VAFIN,sein,sind
560,neben,_,APPR,neben,neben
561,der,_,ART,der,der
562,Dauerpräsentation,_,NN,Dauerpräsentation,Dauerpräsentation
563,zur,_,APPRART,zu,zur
564,Herstellung,_,NN,Herstellung,Herstellung
565,und,_,KON,und,und
566,Technik,_,NN,Technik,Technik
567,von,_,APPR,von,von
568,Glasmalerei,_,NN,Glasmalerei,Glasmalerei
569,jährliche,_,ADJA,jährlich,jährliche
570,Sonderausstellungen,_,NN,Sonderausstellung,Sonderausstellungen
571,",",_,"$,",",",","
572,Vorträge,_,NN,Vortrag,Vorträge
573,und,_,KON,und,und
574,Exkursionen,_,NN,Exkursion,Exkursionen
575,in,_,APPR,in,in
576,eine,_,ART,ein,eine
577,traditionsreiche,_,ADJA,traditionsreich,traditionsreiche
578,Glasmalereiwerkstatt,_,NN,Glasmalereiwerkstatt,Glasmalereiwerkstatt
579,.,_,$.,.,.
580,Angelo,_,NE,Angelo,Angelo
581,Cella,_,NE,Cella,Cella
582,studierte,_,VVFIN,studieren,studierte
583,Geisteswissenschaften,_,NN,Geisteswissenschaft,Geisteswissenschaften
584,am,_,APPRART,an,am
585,Seminar,_,NN,Seminar,Seminar
586,der,_,ART,der,der
587,Heimatdiözese,_,NN,Heimatdiözese,Heimatdiözese
588,Vittorio,_,NE,Vittorio,Vittorio
589,Veneto,_,NE,Veneto,Veneto
590,.,_,$.,.,.
591,1943,_,CARD,1943,1943
592,trat,_,VVFIN,treten,trat
593,er,_,PPER,er,er
594,der,_,ART,der,der
595,Ordensgemeinschaft,_,NN,Ordensgemeinschaft,Ordensgemeinschaft
596,der,_,ART,der,der
597,Herz-Jesu-Missionare,_,NN,Herz-Jesu-Missionar,Herz-Jesu-Missionare
598,bei,_,PTKVZ,bei,bei
599,.,_,$.,.,.
600,Nach,_,APPR,nach,Nach
601,dem,_,ART,der,dem
602,Studium,_,NN,Studium,Studium
603,der,_,ART,der,der
604,Katholischen,_,ADJA,katholisch,Katholischen
605,Theologie,_,NN,Theologie,Theologie
606,und,_,KON,und,und
607,Philosophie,_,NN,Philosophie,Philosophie
608,an,_,APPR,an,an
609,der,_,ART,der,der
610,Päpstlichen,_,ADJA,päpstlich,Päpstlichen
611,Universität,_,NN,Universität,Universität
612,Gregoriana,_,NE,Gregoriana,Gregoriana
613,in,_,APPR,in,in
614,Rom,_,NE,Rom,Rom
615,empfing,_,VVFIN,empfangen,empfing
616,er,_,PPER,er,er
617,am,_,APPRART,an,am
618,18.,_,ADJA,18.,18.
619,Dezember,_,NN,Dezember,Dezember
620,1948,_,CARD,1948,1948
621,die,_,ART,der,die
622,Priesterweihe,_,NN,Priesterweihe,Priesterweihe
623,.,_,$.,.,.
624,Zwischen,_,APPR,zwischen,Zwischen
625,1950,_,CARD,1950,1950
626,und,_,KON,und,und
627,1956,_,CARD,1956,1956
628,war,_,VAFIN,sein,war
629,er,_,PPER,er,er
630,Direktor,_,NN,Direktor,Direktor
631,des,_,ART,der,des
632,Theologieseminars,_,NN,Theologieseminar,Theologieseminars
633,seines,_,PPOSAT,sein,seines
634,Ordens,_,NN,Orden,Ordens
635,",",_,"$,",",",","
636,ab,_,APPR,ab,ab
637,1956,_,CARD,1956,1956
638,Pfarrer,_,NN,Pfarrer,Pfarrer
639,in,_,APPR,in,in
640,der,_,ART,der,der
641,Gemeinde,_,NN,Gemeinde,Gemeinde
642,Santa,_,NE,Santa,Santa
643,Teresa,_,NE,Teresa,Teresa
644,di,_,NE,di,di
645,Gesù,_,NE,Gesù,Gesù
646,Bambino,_,NE,Bambino,Bambino
647,in,_,APPR,in,in
648,Palermo,_,NE,Palermo,Palermo
649,.,_,$.,.,.
650,Später,_,ADV,später,Später
651,war,_,VAFIN,sein,war
652,er,_,PPER,er,er
653,Regens,_,NN,Regens,Regens
654,des,_,ART,der,des
655,Priesterseminars,_,NN,Priesterseminar,Priesterseminars
656,in,_,APPR,in,in
657,Palermo,_,NE,Palermo,Palermo
658,",",_,"$,",",",","
659,Sekretär,_,NN,Sekretär,Sekretär
660,im,_,APPRART,in,im
661,Nebenamt,_,NN,Nebenamt,Nebenamt
662,der,_,ART,der,der
663,Sizilianischen,_,ADJA,Sizilianisch,Sizilianischen
664,Bischofskonferenz,_,NN,Bischofskonferenz,Bischofskonferenz
665,und,_,KON,und,und
666,Bischofsvikar,_,NN,Bischofsvikar,Bischofsvikar
667,für,_,APPR,für,für
668,die,_,ART,der,die
669,Pastoral,_,NN,Pastoral,Pastoral
670,im,_,APPRART,in,im
671,Erzbistum,_,NN,Erzbistum,Erzbistum
672,Palermo,_,NE,Palermo,Palermo
673,.,_,$.,.,.
674,1975,_,CARD,1975,1975
675,wurde,_,VAFIN,werden,wurde
676,er,_,PPER,er,er
677,von,_,APPR,von,von
678,Paul,_,NE,Paul,Paul
679,VI.,_,CARD,VI.,VI.
680,zum,_,APPRART,zu,zum
681,Titularbischof,_,NN,Titularbischof,Titularbischof
682,von,_,APPR,von,von
683,Vissalsa,_,NE,Vissalsa,Vissalsa
684,und,_,KON,und,und
685,zum,_,APPRART,zu,zum
686,Weihbischof,_,NN,Weihbischof,Weihbischof
687,im,_,APPRART,in,im
688,Erzbistum,_,NN,Erzbistum,Erzbistum
689,Palermo,_,NE,Palermo,Palermo
690,ernannt,_,VVPP,ernennen,ernannt
691,.,_,$.,.,.
692,Die,_,ART,der,Die
693,Bischofsweihe,_,NN,Bischofsweihe,Bischofsweihe
694,spendete,_,VVFIN,spenden,spendete
695,ihm,_,PPER,er,ihm
696,am,_,APPRART,an,am
697,7.,_,ADJA,7.,7.
698,Oktober,_,NN,Oktober,Oktober
699,1975,_,CARD,1975,1975
700,der,_,ART,der,der
701,Erzbischof,_,NN,Erzbischof,Erzbischof
702,von,_,APPR,von,von
703,Palermo,_,NE,Palermo,Palermo
704,und,_,KON,und,und
705,spätere,_,ADJA,später,spätere
706,Kardinal,_,NN,Kardinal,Kardinal
707,Salvatore,_,NE,Salvatore,Salvatore
708,Pappalardo,_,NE,Pappalardo,Pappalardo
709,;,_,$.,;,;
710,Mitkonsekratoren,_,NN,Mitkonsekrator,Mitkonsekratoren
711,waren,_,VAFIN,sein,waren
712,Francesco,_,NE,Francesco,Francesco
713,Fasola,_,NE,Fasola,Fasola
714,",",_,"$,",",",","
715,Erzbischof,_,NN,Erzbischof,Erzbischof
716,von,_,APPR,von,von
717,Messina,_,NE,Messina,Messina
718,",",_,"$,",",",","
719,und,_,KON,und,und
720,Corrado,_,NE,Corrado,Corrado
721,Mingo,_,NE,Mingo,Mingo
722,",",_,"$,",",",","
723,Erzbischof,_,NN,Erzbischof,Erzbischof
724,von,_,APPR,von,von
725,Monreale,_,NE,Monreale,Monreale
726,.,_,$.,.,.
727,1981,_,CARD,1981,1981
728,wurde,_,VAFIN,werden,wurde
729,er,_,PPER,er,er
730,von,_,APPR,von,von
731,Papst,_,NN,Papst,Papst
732,Johannes,_,NE,Johannes,Johannes
733,Paul,_,NE,Paul,Paul
734,II.,_,CARD,II.,II.
735,zum,_,APPRART,zu,zum
736,Erzbischof,_,NN,Erzbischof,Erzbischof
737,von,_,APPR,von,von
738,Veroli-Frosinone,_,NE,Veroli-Frosinone,Veroli-Frosinone
739,sowie,_,KON,sowie,sowie
740,zum,_,APPRART,zu,zum
741,Erzbischof,_,NN,Erzbischof,Erzbischof
742,von,_,APPR,von,von
743,Ferentino,_,NE,Ferentino,Ferentino
744,bestellt,_,VVPP,bestellen,bestellt
745,;,_,$.,;,;
746,1986,_,CARD,1986,1986
747,führte,_,VVFIN,führen,führte
748,er,_,PPER,er,er
749,die,_,ART,der,die
750,beiden,_,PIDAT,beide,beiden
751,Bistümer,_,NN,Bistum,Bistümer
752,zum,_,APPRART,zu,zum
753,Bistum,_,NN,Bistum,Bistum
754,Frosinone-Veroli-Ferentino,_,NE,Frosinone-Veroli-Ferentino,Frosinone-Veroli-Ferentino
755,zusammen,_,PTKVZ,zusammen,zusammen
756,.,_,$.,.,.
757,Seinem,_,PPOSAT,sein,Seinem
758,altersbedingten,_,ADJA,altersbedingt,altersbedingten
759,Rücktrittsgesuch,_,NN,Rücktrittsgesuch,Rücktrittsgesuch
760,wurde,_,VAFIN,werden,wurde
761,1999,_,CARD,1999,1999
762,durch,_,APPR,durch,durch
763,Johannes,_,NE,Johannes,Johannes
764,Paul,_,NE,Paul,Paul
765,II.,_,CARD,II.,II.
766,stattgegeben,_,VVPP,stattgeben,stattgegeben
767,.,_,$.,.,.
768,Die,_,ART,der,Die
769,Art,_,NN,Art,Art
770,wird,_,VAFIN,werden,wird
771,kommerziell,_,ADJD,kommerziell,kommerziell
772,befischt,_,VVPP,befischen,befischt
773,.,_,$.,.,.
774,Pangasius,_,FM,Pangasius,Pangasius
775,larnaudii,_,FM,larnaudii,larnaudii
776,unterscheidet,_,VVFIN,unterscheiden,unterscheidet
777,sich,_,PRF,sich,sich
778,von,_,APPR,von,von
779,anderen,_,ADJA,anderer,anderen
780,Arten,_,NN,Art,Arten
781,der,_,ART,der,der
782,Gattung,_,NN,Gattung,Gattung
783,durch,_,APPR,durch,durch
784,einen,_,ART,ein,einen
785,großen,_,ADJA,groß,großen
786,",",_,"$,",",",","
787,schwarzen,_,ADJA,schwarz,schwarzen
788,Fleck,_,NN,Fleck,Fleck
789,direkt,_,ADV,direkt,direkt
790,über,_,APPR,über,über
791,der,_,ART,der,der
792,Brustflosse,_,NN,Brustflosse,Brustflosse
793,.,_,$.,.,.
794,Rücken-,_,TRUNC,Rücken,Rücken-
795,",",_,"$,",",",","
796,Brust-,_,TRUNC,Brust,Brust-
797,",",_,"$,",",",","
798,Bauch-,_,TRUNC,Bauch,Bauch-
799,und,_,KON,und,und
800,Afterflosse,_,NN,Afterflosse,Afterflosse
801,tragen,_,VVFIN,tragen,tragen
802,fadenartige,_,ADJA,fadenartig,fadenartige
803,Fortsätze,_,NN,Fortsatz,Fortsätze
804,.,_,$.,.,.
805,Beide,_,PIAT,beide,Beide
806,Lappen,_,NN,Lappen,Lappen
807,der,_,ART,der,der
808,Schwanzflosse,_,NN,Schwanzflosse,Schwanzflosse
809,tragen,_,VVFIN,tragen,tragen
810,gewöhnlich,_,ADV,gewöhnlich,gewöhnlich
811,einen,_,ART,ein,einen
812,schwarzen,_,ADJA,schwarz,schwarzen
813,Streifen,_,NN,Streifen,Streifen
814,.,_,$.,.,.
815,Die,_,ART,der,Die
816,Tiere,_,NN,Tier,Tiere
817,erreichen,_,VVFIN,erreichen,erreichen
818,eine,_,ART,ein,eine
819,Länge,_,NN,Länge,Länge
820,von,_,APPR,von,von
821,etwa,_,ADV,etwa,etwa
822,80,_,CARD,80,80
823,cm,_,NN,cm,cm
824,",",_,"$,",",",","
825,maximal,_,ADV,maximal,maximal
826,130,_,CARD,130,130
827,cm,_,NN,cm,cm
828,",",_,"$,",",",","
829,und,_,KON,und,und
830,ein,_,ART,ein,ein
831,Gewicht,_,NN,Gewicht,Gewicht
832,von,_,APPR,von,von
833,bis,_,APPR,bis,bis
834,zu,_,APPR,zu,zu
835,"4,8",_,CARD,"4,8","4,8"
836,kg,_,NN,kg,kg
837,.,_,$.,.,.
838,Die,_,ART,der,Die
839,Chromosomenzahl,_,NN,Chromosomenzahl,Chromosomenzahl
840,beträgt,_,VVFIN,betragen,beträgt
841,2n,_,XY,2n,2n
842,=,_,XY,=,=
843,60,_,CARD,60,60
844,.,_,$.,.,.
845,Die,_,ART,der,Die
846,Art,_,NN,Art,Art
847,besiedelt,_,VVFIN,besiedeln,besiedelt
848,große,_,ADJA,groß,große
849,Flusssysteme,_,NN,Flusssystem,Flusssysteme
850,und,_,KON,und,und
851,findet,_,VVFIN,finden,findet
852,sich,_,PRF,sich,sich
853,sowohl,_,KON,sowohl,sowohl
854,in,_,APPR,in,in
855,schnellfließenden,_,ADJA,schnellfließend,schnellfließenden
856,Regionen,_,NN,Region,Regionen
857,als,_,KON,als,als
858,auch,_,KON,auch,auch
859,in,_,APPR,in,in
860,langsam,_,ADJD,langsam,langsam
861,fließendem,_,ADJA,fließend,fließendem
862,",",_,"$,",",",","
863,tiefen,_,ADJA,tief,tiefen
864,Wasser,_,NN,Wasser,Wasser
865,.,_,$.,.,.
866,Der,_,ART,der,Der
867,Laich,_,NN,Laich,Laich
868,wird,_,VAFIN,werden,wird
869,zu,_,APPR,zu,zu
870,Beginn,_,NN,Beginn,Beginn
871,der,_,ART,der,der
872,Regenzeit,_,NN,Regenzeit,Regenzeit
873,abgesetzt,_,VVPP,absetzen,abgesetzt
874,",",_,"$,",",",","
875,danach,_,PAV,danach,danach
876,wandern,_,VVFIN,wandern,wandern
877,die,_,ART,der,die
878,Alttiere,_,NN,Alttier,Alttiere
879,in,_,APPR,in,in
880,die,_,ART,der,die
881,Überflutungsebenen,_,NN,Überflutungsebene,Überflutungsebenen
882,ein,_,PTKVZ,ein,ein
883,.,_,$.,.,.
884,Das,_,PDS,der,Das
885,ist,_,VAFIN,sein,ist
886,die,_,ART,der,die
887,erste,_,ADJA,erster,erste
888,urkundliche,_,ADJA,urkundlich,urkundliche
889,Erwähnung,_,NN,Erwähnung,Erwähnung
890,von,_,APPR,von,von
891,Döbeln,_,NE,Döbeln,Döbeln
892,(,_,$(,(,(
893,981,_,CARD,981,981
894,),_,$(,),)
895,.,_,$.,.,.
896,Das,_,ART,der,Das
897,Kloster,_,NN,Kloster,Kloster
898,bestand,_,VVFIN,bestehen,bestand
899,nur,_,ADV,nur,nur
900,bis,_,APPR,bis,bis
901,zum,_,APPRART,zu,zum
902,Jahr,_,NN,Jahr,Jahr
903,1015,_,CARD,1015,1015
904,",",_,"$,",",",","
905,der,_,ART,der,der
906,Besitz,_,NN,Besitz,Besitz
907,wurde,_,VAFIN,werden,wurde
908,an,_,APPR,an,an
909,das,_,ART,der,das
910,Kloster,_,NN,Kloster,Kloster
911,Hersfeld,_,NE,Hersfeld,Hersfeld
912,an,_,APPR,an,an
913,der,_,ART,der,der
914,Fulda,_,NE,Fulda,Fulda
915,überwiesen,_,VVPP,überweisen,überwiesen
916,.,_,$.,.,.
917,In,_,APPR,in,In
918,der,_,ART,der,der
919,Fachliteratur,_,NN,Fachliteratur,Fachliteratur
920,spricht,_,VVFIN,sprechen,spricht
921,man,_,PIS,man,man
922,vom,_,APPRART,von,vom
923,Hersfelder,_,ADJA,Hersfelder,Hersfelder
924,Eigen,_,NN,Eigen,Eigen
925,oder,_,KON,oder,oder
926,vom,_,APPRART,von,vom
927,Hersfelder,_,ADJA,Hersfelder,Hersfelder
928,Lehen,_,NN,Lehen,Lehen
929,.,_,$.,.,.
930,Schon,_,ADV,schon,Schon
931,in,_,APPR,in,in
932,slawischer,_,ADJA,slawisch,slawischer
933,Zeit,_,NN,Zeit,Zeit
934,existierte,_,VVFIN,existieren,existierte
935,hier,_,ADV,hier,hier
936,ein,_,ART,ein,ein
937,zentralörtliches,_,ADJA,zentralörtlich,zentralörtliches
938,Herrschaftszentrum,_,NN,Herrschaftszentrum,Herrschaftszentrum
939,im,_,APPRART,in,im
940,Gau,_,NE,Gau,Gau
941,Daleminze,_,NE,Daleminze,Daleminze
942,.,_,$.,.,.
943,Mit,_,APPR,mit,Mit
944,der,_,ART,der,der
945,deutschen,_,ADJA,deutsch,deutschen
946,Besiedlung,_,NN,Besiedlung,Besiedlung
947,wurden,_,VAFIN,werden,wurden
948,deutsche,_,ADJA,deutsch,deutsche
949,"""",_,$(,"""",""""
950,Verwaltungsstrukturen,_,NN,Verwaltungsstruktur,Verwaltungsstrukturen
951,"""",_,$(,"""",""""
952,(,_,$(,(,(
953,Lehnsherrschaft,_,NN,Lehnsherrschaft,Lehnsherrschaft
954,",",_,"$,",",",","
955,Christentum,_,NN,Christentum,Christentum
956,mit,_,APPR,mit,mit
957,seinen,_,PPOSAT,sein,seinen
958,Institutionen,_,NN,Institution,Institutionen
959,:,_,$.,:,:
960,Pfarrsystem,_,NN,Pfarrsystem,Pfarrsystem
961,",",_,"$,",",",","
962,Amtskirche,_,NN,Amtskirche,Amtskirche
963,),_,$(,),)
964,übernommen,_,VVPP,übernehmen,übernommen
965,.,_,$.,.,.
966,Genauer,_,ADJD,genau,Genauer
967,wäre,_,VAFIN,sein,wäre
968,hier,_,ADV,hier,hier
969,bis,_,APPR,bis,bis
970,etwa,_,ADV,etwa,etwa
971,1000,_,CARD,1000,1000
972,n.,_,APPR,n.,n.
973,Chr.,_,NN,Chr.,Chr.
974,ostfränkisch,_,ADJD,ostfränkisch,ostfränkisch
975,statt,_,APPR,statt,statt
976,deutsch,_,ADJD,deutsch,deutsch
977,zu,_,PTKZU,zu,zu
978,sagen,_,VVINF,sagen,sagen
979,.,_,$.,.,.
980,Die,_,ART,der,Die
981,deutsche,_,ADJA,deutsch,deutsche
982,Besiedlung,_,NN,Besiedlung,Besiedlung
983,des,_,ART,der,des
984,Ortes,_,NN,Ort,Ortes
985,entwickelte,_,VVFIN,entwickeln,entwickelte
986,sich,_,PRF,sich,sich
987,vermutlich,_,ADV,vermutlich,vermutlich
988,um,_,APPR,um,um
989,1200,_,CARD,1200,1200
990,zur,_,APPRART,zu,zur
991,kommunal,_,ADJD,kommunal,kommunal
992,verfassten,_,ADJA,verfasst,verfassten
993,Stadt,_,NN,Stadt,Stadt
994,(,_,$(,(,(
995,mit,_,APPR,mit,mit
996,bestimmten,_,ADJA,bestimmt,bestimmten
997,eigenen,_,ADJA,eigen,eigenen
998,Rechten,_,NN,Recht,Rechten
999,),_,$(,),)
1000,.,_,$.,.,.
1001,So,_,ADV,so,So
1002,wird,_,VAFIN,werden,wird
1003,im,_,APPRART,in,im
1004,Jahr,_,NN,Jahr,Jahr
1005,1350,_,CARD,1350,1350
1006,ein,_,ART,ein,ein
1007,selbständiger,_,ADJA,selbständig,selbständiger
1008,districtus,_,FM,districtus,districtus
1009,Döbeln,_,NE,Döbeln,Döbeln
1010,genannt,_,VVPP,nennen,genannt
1011,",",_,"$,",",",","
1012,1378,_,CARD,1378,1378
1013,werden,_,VAFIN,werden,werden
1014,Burg,_,NN,Burg,Burg
1015,und,_,KON,und,und
1016,Stadt,_,NN,Stadt,Stadt
1017,erwähnt,_,VVPP,erwähnen,erwähnt
1018,.,_,$.,.,.
1019,1567,_,CARD,1567,1567
1020,wird,_,VAFIN,werden,wird
1021,von,_,APPR,von,von
1022,einem,_,ART,ein,einem
1023,wüsten,_,ADJA,wüst,wüsten
1024,Amtsschloßberg,_,NN,Amtsschlossberg,Amtsschloßberg
1025,berichtet,_,VVPP,berichten,berichtet
1026,.,_,$.,.,.
1027,Die,_,ART,der,Die
1028,Gründe,_,NN,Grund,Gründe
1029,sind,_,VAFIN,sein,sind
1030,nicht,_,PTKNEG,nicht,nicht
1031,bekannt,_,ADJD,bekannt,bekannt
1032,",",_,"$,",",",","
1033,im,_,APPRART,in,im
1034,Jahr,_,NN,Jahr,Jahr
1035,1588,_,CARD,1588,1588
1036,wurde,_,VAFIN,werden,wurde
1037,das,_,ART,der,das
1038,bis,_,APPR,bis,bis
1039,dahin,_,PAV,dahin,dahin
1040,existierende,_,ADJA,existierend,existierende
1041,Amt,_,NN,Amt,Amt
1042,Döbeln,_,NE,Döbeln,Döbeln
1043,in,_,APPR,in,in
1044,das,_,ART,der,das
1045,Amt,_,NN,Amt,Amt
1046,Leisnig,_,NE,Leisnig,Leisnig
1047,integriert,_,VVPP,integrieren,integriert
1048,.,_,$.,.,.
1049,Das,_,ART,der,Das
1050,offensichtlich,_,ADV,offensichtlich,offensichtlich
1051,seit,_,APPR,seit,seit
1052,längerer,_,ADJA,lang,längerer
1053,Zeit,_,NN,Zeit,Zeit
1054,verfallende,_,ADJA,verfallen,verfallende
1055,Schloss,_,NN,Schloss,Schloss
1056,wurde,_,VAFIN,werden,wurde
1057,nicht,_,PTKNEG,nicht,nicht
1058,mehr,_,ADV,mehr,mehr
1059,gebraucht,_,VVPP,brauchen,gebraucht
1060,und,_,KON,und,und
1061,wurde,_,VAFIN,werden,wurde
1062,zur,_,APPRART,zu,zur
1063,Gewinnung,_,NN,Gewinnung,Gewinnung
1064,von,_,APPR,von,von
1065,Baumaterial,_,NN,Baumaterial,Baumaterial
1066,genutzt,_,VVPP,nutzen,genutzt
1067,.,_,$.,.,.
1068,Ab,_,APPR,ab,Ab
1069,1730,_,CARD,1730,1730
1070,wurde,_,VAFIN,werden,wurde
1071,auch,_,ADV,auch,auch
1072,der,_,ART,der,der
1073,Bergfried,_,NN,Bergfried,Bergfried
1074,abgebrochen,_,VVPP,abbrechen,abgebrochen
1075,und,_,KON,und,und
1076,zwischen,_,APPR,zwischen,zwischen
1077,1867,_,CARD,1867,1867
1078,und,_,KON,und,und
1079,1869,_,CARD,1869,1869
1080,mussten,_,VMFIN,müssen,mussten
1081,die,_,ART,der,die
1082,letzten,_,ADJA,letzter,letzten
1083,Reste,_,NN,Rest,Reste
1084,der,_,ART,der,der
1085,Burg,_,NN,Burg,Burg
1086,Döbeln,_,NE,Döbeln,Döbeln
1087,der,_,ART,der,der
1088,Schloßbergschule,_,NN,Schloßbergschule,Schloßbergschule
1089,weichen,_,VVINF,weichen,weichen
1090,.,_,$.,.,.
1091,Zu,_,APPR,zu,Zu
1092,Füßen,_,NN,Fuß,Füßen
1093,des,_,ART,der,des
1094,Berges,_,NN,Berg,Berges
1095,steht,_,VVFIN,stehen,steht
1096,noch,_,ADV,noch,noch
1097,immer,_,ADV,immer,immer
1098,die,_,ART,der,die
1099,Nicolaikirche,_,NN,Nicolaikirche,Nicolaikirche
1100,",",_,"$,",",",","
1101,deren,_,PRELAT,der,deren
1102,Vorgängerbau,_,NN,Vorgängerbau,Vorgängerbau
1103,wahrscheinlich,_,ADV,wahrscheinlich,wahrscheinlich
1104,um,_,APPR,um,um
1105,1230,_,CARD,1230,1230
1106,entstand,_,VVFIN,entstehen,entstand
1107,.,_,$.,.,.
1108,In,_,APPR,in,In
1109,Sodom,_,NE,Sodom,Sodom
1110,treffen,_,VVFIN,treffen,treffen
1111,sie,_,PPER,sie,sie
1112,wieder,_,ADV,wieder,wieder
1113,auf,_,APPR,auf,auf
1114,Kain,_,NE,Kain,Kain
1115,und,_,KON,und,und
1116,werden,_,VAFIN,werden,werden
1117,–,_,$(,-,–
1118,wie,_,KOKOM,wie,wie
1119,er,_,PPER,er,er
1120,–,_,$(,-,–
1121,Wächter,_,NN,Wächter,Wächter
1122,der,_,ART,der,der
1123,Stadt,_,NN,Stadt,Stadt
1124,.,_,$.,.,.
1125,Als,_,KOUS,als,Als
1126,Prinzessin,_,NN,Prinzessin,Prinzessin
1127,Inanna,_,NE,Inanna,Inanna
1128,in,_,APPR,in,in
1129,der,_,ART,der,der
1130,Stadt,_,NN,Stadt,Stadt
1131,auftaucht,_,VVFIN,auftauchen,auftaucht
1132,",",_,"$,",",",","
1133,knien,_,VVFIN,knien,knien
1134,alle,_,PIS,alle,alle
1135,vor,_,APPR,vor,vor
1136,ihr,_,PPER,sie,ihr
1137,nieder,_,PTKVZ,nieder,nieder
1138,",",_,"$,",",",","
1139,nur,_,ADV,nur,nur
1140,Zed,_,NE,Zed,Zed
1141,nicht,_,PTKNEG,nicht,nicht
1142,.,_,$.,.,.
1143,Dies,_,PDS,dieser,Dies
1144,weckt,_,VVFIN,wecken,weckt
1145,die,_,ART,der,die
1146,Aufmerksamkeit,_,NN,Aufmerksamkeit,Aufmerksamkeit
1147,von,_,APPR,von,von
1148,Inanna,_,NE,Inanna,Inanna
1149,",",_,"$,",",",","
1150,sodass,_,KOUS,sodass,sodass
1151,sie,_,PPER,sie,sie
1152,ihn,_,PPER,er,ihn
1153,für,_,APPR,für,für
1154,etwas,_,PIAT,etwas,etwas
1155,Besonderes,_,NN,Besondere,Besonderes
1156,hält,_,VVFIN,halten,hält
1157,und,_,KON,und,und
1158,ihn,_,PPER,er,ihn
1159,am,_,APPRART,an,am
1160,Abend,_,NN,Abend,Abend
1161,in,_,APPR,in,in
1162,ihrem,_,PPOSAT,ihr,ihrem
1163,Palast,_,NN,Palast,Palast
1164,empfängt,_,VVFIN,empfangen,empfängt
1165,.,_,$.,.,.
1166,Sie,_,PPER,sie,Sie
1167,fordert,_,VVFIN,fordern,fordert
1168,Zed,_,NE,Zed,Zed
1169,auf,_,PTKVZ,auf,auf
1170,",",_,"$,",",",","
1171,das,_,ART,der,das
1172,Allerheiligste,_,NN,Allerheiligste,Allerheiligste
1173,(,_,$(,(,(
1174,Holy,_,FM,Holy,Holy
1175,of,_,FM,of,of
1176,Holies,_,FM,Holies,Holies
1177,),_,$(,),)
1178,zu,_,PTKZU,zu,zu
1179,betreten,_,VVINF,betreten,betreten
1180,",",_,"$,",",",","
1181,da,_,KOUS,da,da
1182,sie,_,PPER,sie,sie
1183,ihn,_,PPER,er,ihn
1184,für,_,APPR,für,für
1185,den,_,ART,der,den
1186,Auserwählten,_,NN,Auserwählte,Auserwählten
1187,hält,_,VVFIN,halten,hält
1188,.,_,$.,.,.
1189,Im,_,APPRART,in,Im
1190,Allerheiligsten,_,NN,Allerheiligste,Allerheiligsten
1191,findet,_,VVFIN,finden,findet
1192,Zed,_,NE,Zed,Zed
1193,nur,_,ADV,nur,nur
1194,Oh,_,NE,Oh,Oh
1195,vor,_,PTKVZ,vor,vor
1196,",",_,"$,",",",","
1197,der,_,PRELS,der,der
1198,sich,_,PRF,sich,sich
1199,dort,_,ADV,dort,dort
1200,vor,_,APPR,vor,vor
1201,den,_,ART,der,den
1202,Nachstellungen,_,NN,Nachstellung,Nachstellungen
1203,des,_,ART,der,des
1204,Hohepriesters,_,NN,Hohepriester,Hohepriesters
1205,versteckt,_,VVFIN,verstecken,versteckt
1206,.,_,$.,.,.
1207,Beide,_,PIS,beide,Beide
1208,werden,_,VAFIN,werden,werden
1209,gefangen,_,ADJD,gefangen,gefangen
1210,genommen,_,VVPP,nehmen,genommen
1211,und,_,KON,und,und
1212,zum,_,APPRART,zu,zum
1213,Tode,_,NN,Tod,Tode
1214,durch,_,APPR,durch,durch
1215,Steinigung,_,NN,Steinigung,Steinigung
1216,verurteilt,_,VVPP,verurteilen,verurteilt
1217,.,_,$.,.,.
1218,Zed,_,NE,Zed,Zed
1219,gelingt,_,VVFIN,gelingen,gelingt
1220,es,_,PPER,es,es
1221,",",_,"$,",",",","
1222,eine,_,ART,ein,eine
1223,Begnadigung,_,NN,Begnadigung,Begnadigung
1224,vom,_,APPRART,von,vom
1225,König,_,NN,König,König
1226,zu,_,PTKZU,zu,zu
1227,erwirken,_,VVINF,erwirken,erwirken
1228,.,_,$.,.,.
1229,Stattdessen,_,ADV,stattdessen,Stattdessen
1230,werden,_,VAFIN,werden,werden
1231,beide,_,PIS,beide,beide
1232,zur,_,APPRART,zu,zur
1233,Sklavenarbeit,_,NN,Sklavenarbeit,Sklavenarbeit
1234,verurteilt,_,VVPP,verurteilen,verurteilt
1235,.,_,$.,.,.
1236,Als,_,KOUS,als,Als
1237,der,_,ART,der,der
1238,König,_,NN,König,König
1239,Jungfrauen,_,NN,Jungfrau,Jungfrauen
1240,ins,_,APPRART,in,ins
1241,Feuer,_,NN,Feuer,Feuer
1242,wirft,_,VVFIN,werfen,wirft
1243,",",_,"$,",",",","
1244,auf,_,APPR,auf,auf
1245,dass,_,KOUS,dass,dass
1246,die,_,ART,der,die
1247,Götter,_,NN,Gott,Götter
1248,es,_,PPER,es,es
1249,regnen,_,VVINF,regnen,regnen
1250,lassen,_,VVFIN,lassen,lassen
1251,",",_,"$,",",",","
1252,unterbricht,_,VVFIN,unterbrechen,unterbricht
1253,Zed,_,NE,Zed,Zed
1254,die,_,ART,der,die
1255,Zeremonie,_,NN,Zeremonie,Zeremonie
1256,.,_,$.,.,.
1257,Inzwischen,_,ADV,inzwischen,Inzwischen
1258,sind,_,VAFIN,sein,sind
1259,auch,_,ADV,auch,auch
1260,die,_,ART,der,die
1261,Hebräer,_,NN,Hebräer,Hebräer
1262,in,_,APPR,in,in
1263,Sodom,_,NE,Sodom,Sodom
1264,angekommen,_,VVPP,ankommen,angekommen
1265,",",_,"$,",",",","
1266,um,_,KOUI,um,um
1267,die,_,ART,der,die
1268,ungläubigen,_,ADJA,ungläubig,ungläubigen
1269,Sünder,_,NN,Sünder,Sünder
1270,zu,_,PTKZU,zu,zu
1271,bekämpfen,_,VVINF,bekämpfen,bekämpfen
1272,.,_,$.,.,.
1273,Martin,_,NE,Martin,Martin
1274,Zbončák,_,NE,Zbončák,Zbončák
1275,(,_,$(,(,(
1276,*,_,XY,*,*
1277,21.,_,ADJA,21.,21.
1278,Juli,_,NN,Juli,Juli
1279,1975,_,CARD,1975,1975
1280,in,_,APPR,in,in
1281,Třinec,_,NE,Třinec,Třinec
1282,),_,$(,),)
1283,ist,_,VAFIN,sein,ist
1284,ein,_,ART,ein,ein
1285,tschechischer,_,ADJA,tschechisch,tschechischer
1286,Fußballspieler,_,NN,Fußballspieler,Fußballspieler
1287,.,_,$.,.,.
1288,Zbončák,_,NE,Zbončák,Zbončák
1289,spielte,_,VVFIN,spielen,spielte
1290,in,_,APPR,in,in
1291,seiner,_,PPOSAT,sein,seiner
1292,Jugend,_,NN,Jugend,Jugend
1293,für,_,APPR,für,für
1294,den,_,ART,der,den
1295,SK,_,NE,SK,SK
1296,Železárny,_,NE,Železárny,Železárny
1297,Třinec,_,NE,Třinec,Třinec
1298,.,_,$.,.,.
1299,Er,_,PPER,er,Er
1300,absolvierte,_,VVFIN,absolvieren,absolvierte
1301,seinen,_,PPOSAT,sein,seinen
1302,Wehrdienst,_,NN,Wehrdienst,Wehrdienst
1303,1995,_,CARD,1995,1995
1304,bei,_,APPR,bei,bei
1305,SKP,_,NE,SKP,SKP
1306,Znojmo,_,NE,Znojmo,Znojmo
1307,und,_,KON,und,und
1308,wechselte,_,VVFIN,wechseln,wechselte
1309,anschließend,_,ADV,anschließend,anschließend
1310,zum,_,APPRART,zu,zum
1311,FC,_,NE,FC,FC
1312,Boby,_,NE,Boby,Boby
1313,Brno,_,NE,Brno,Brno
1314,",",_,"$,",",",","
1315,das,_,PRELS,der,das
1316,später,_,ADV,später,später
1317,in,_,APPR,in,in
1318,Stavo,_,NE,Stavo,Stavo
1319,Artikel,_,NE,Artikel,Artikel
1320,Brno,_,NE,Brno,Brno
1321,umbenannt,_,VVPP,umbenennen,umbenannt
1322,wurde,_,VAFIN,werden,wurde
1323,.,_,$.,.,.
1324,Dort,_,ADV,dort,Dort
1325,blieb,_,VVFIN,bleiben,blieb
1326,der,_,ART,der,der
1327,Mittelfeldspieler,_,NN,Mittelfeldspieler,Mittelfeldspieler
1328,bis,_,APPR,bis,bis
1329,2001,_,CARD,2001,2001
1330,und,_,KON,und,und
1331,absolvierte,_,VVFIN,absolvieren,absolvierte
1332,122,_,CARD,122,122
1333,Erstligaspiele,_,NN,Erstligaspiel,Erstligaspiele
1334,",",_,"$,",",",","
1335,in,_,APPR,in,in
1336,denen,_,PRELS,der,denen
1337,er,_,PPER,er,er
1338,vier,_,CARD,vier,vier
1339,Tore,_,NN,Tor,Tore
1340,schoss,_,VVFIN,schießen,schoss
1341,.,_,$.,.,.
